knowledgeLevel,difficulty,previousGrade,missingLevel,daysLeft,priority
4,hard,27,medium,18,high
1,medium,46,medium,24,high
4,hard,62,medium,26,medium
2,easy,90,medium,13,medium
3,hard,28,low,4,high
3,easy,50,low,8,medium
3,medium,41,medium,13,high
2,medium,66,high,17,high
1,medium,24,high,29,very_high
1,easy,68,medium,29,high
1,easy,73,high,25,high
5,medium,85,high,18,medium
1,medium,66,low,22,medium
1,medium,22,high,22,very_high
3,medium,93,high,8,high
2,medium,77,high,17,high
4,hard,31,medium,11,high
4,easy,41,low,22,medium
4,easy,75,high,27,medium
2,easy,37,high,24,high
2,easy,64,medium,26,medium
3,easy,78,high,2,high
5,hard,48,medium,28,high
1,easy,89,low,21,medium
1,medium,21,medium,14,very_high
5,easy,93,medium,30,low
5,hard,48,medium,13,high
1,medium,33,low,2,very_high
2,hard,89,high,24,high
5,easy,51,high,16,medium
2,medium,43,medium,20,high
3,medium,86,low,5,medium
1,easy,34,low,2,very_high
4,medium,22,high,15,high
5,hard,32,medium,19,high
5,medium,39,low,6,high
4,hard,22,medium,24,high
2,easy,46,medium,16,high
1,easy,77,low,25,medium
1,medium,50,medium,18,high
1,easy,71,medium,2,high
1,easy,91,low,7,medium
3,medium,21,low,16,medium
4,easy,57,low,26,low
3,hard,23,high,25,very_high
3,hard,43,medium,22,high
3,easy,46,high,24,high
2,medium,89,high,16,high
2,medium,89,medium,17,medium
4,hard,22,low,19,medium
3,hard,100,low,5,medium
1,easy,81,medium,1,high
5,medium,60,high,29,medium
4,easy,74,low,24,low
4,medium,76,high,25,medium
1,easy,21,low,22,high
3,medium,89,medium,6,high
4,hard,25,high,6,very_high
2,hard,89,medium,2,very_high
1,medium,59,medium,3,very_high
2,easy,53,low,9,medium
1,medium,33,medium,24,high
5,medium,90,low,18,low
1,easy,46,medium,8,very_high
5,hard,83,medium,6,medium
3,easy,26,medium,23,high
1,medium,87,low,14,medium
3,hard,65,high,9,very_high
1,hard,67,high,5,very_high
3,medium,28,low,20,medium
4,hard,54,low,8,medium
2,easy,31,medium,15,high
4,hard,69,low,2,high
3,easy,93,low,2,medium
4,easy,30,high,5,very_high
1,medium,87,medium,29,medium
1,hard,85,high,22,high
5,hard,91,high,17,medium
4,hard,42,high,15,high
5,medium,49,medium,30,medium
5,medium,66,medium,18,medium
3,hard,79,low,21,medium
4,hard,21,low,23,medium
4,medium,64,low,24,medium
1,easy,42,high,14,very_high
2,medium,90,high,9,high
2,medium,24,high,25,very_high
5,easy,25,high,7,high
5,easy,25,low,10,medium
4,hard,84,high,27,medium
3,hard,45,high,4,very_high
1,hard,100,high,12,very_high
3,easy,60,low,22,medium
4,easy,25,high,9,high
5,easy,21,medium,27,medium
2,easy,59,high,24,high
4,medium,74,medium,16,medium
5,medium,49,high,16,high
2,easy,66,medium,26,medium
1,medium,42,low,9,high
4,easy,33,medium,29,medium
1,easy,57,high,16,high
5,medium,51,medium,7,high
5,medium,74,low,2,medium
2,easy,71,medium,23,medium
2,hard,25,high,1,very_high
1,medium,78,high,1,very_high
4,medium,68,low,16,medium
2,medium,87,medium,16,medium
1,easy,34,high,2,very_high
3,easy,44,medium,2,very_high
5,medium,21,high,8,high
4,easy,34,medium,19,medium
1,easy,30,high,3,very_high
5,medium,70,medium,3,high
5,hard,75,low,17,low
2,hard,98,high,20,high
5,medium,51,low,7,medium
4,easy,98,medium,2,high
1,easy,45,high,19,very_high
1,easy,69,high,13,very_high
3,hard,95,medium,26,medium
1,hard,82,medium,17,high
3,medium,94,high,17,medium
5,hard,37,high,15,high
5,medium,70,high,7,high
3,easy,49,low,23,medium
5,medium,53,low,12,medium
2,medium,79,medium,21,medium
4,hard,96,high,12,high
2,hard,25,low,18,high
3,medium,93,medium,2,high
5,medium,57,medium,25,medium
3,medium,56,low,5,high
2,easy,51,medium,6,high
4,easy,77,low,24,low
5,hard,86,high,21,medium
5,easy,31,medium,30,medium
5,hard,76,high,17,medium
1,hard,35,high,13,very_high
3,medium,88,high,21,medium
1,medium,54,low,29,medium
5,easy,82,high,9,medium
1,hard,100,low,21,medium
5,hard,46,high,18,high
5,medium,85,high,5,high
1,medium,53,high,28,high
1,medium,63,high,1,very_high
2,medium,43,low,3,very_high
1,medium,44,low,4,very_high
5,easy,27,high,4,high
4,hard,71,medium,12,medium
3,medium,25,low,7,high
5,hard,40,medium,15,high
1,medium,86,high,25,high
3,medium,99,high,24,medium
1,hard,50,low,4,high
3,hard,98,medium,13,high
4,easy,23,medium,19,medium
1,medium,88,medium,6,high
2,hard,46,high,28,very_high
4,medium,45,high,18,high
2,easy,68,high,17,high
4,easy,58,high,28,medium
2,easy,47,high,2,very_high
2,hard,81,low,10,medium
3,medium,24,low,28,medium
1,hard,80,high,5,very_high
1,medium,70,medium,22,medium
5,medium,82,medium,22,low
4,hard,26,low,17,medium
1,easy,35,high,15,very_high
5,easy,47,high,1,very_high
3,easy,54,medium,6,high
3,easy,87,low,27,low
2,easy,30,medium,11,high
1,medium,46,high,6,very_high
3,hard,51,high,4,very_high
2,medium,95,medium,29,medium
2,medium,46,low,22,high
3,medium,47,high,16,high
5,medium,43,medium,17,medium
3,easy,100,high,21,medium
1,medium,87,high,18,high
1,easy,28,medium,4,very_high
4,medium,30,low,26,medium
4,hard,98,medium,26,medium
4,easy,68,medium,18,medium
1,easy,81,medium,3,high
2,hard,35,high,30,very_high
5,hard,24,low,30,medium
1,medium,83,medium,10,high
4,medium,33,medium,16,high
2,medium,78,high,2,very_high
1,medium,97,high,25,high
2,hard,87,medium,13,high
5,medium,58,low,6,medium
2,medium,89,low,7,medium
1,easy,35,medium,13,very_high
5,medium,83,high,9,medium
5,hard,53,medium,25,medium
2,easy,95,high,12,high
2,easy,51,low,4,high
1,hard,30,high,6,very_high
4,medium,56,high,5,high
2,hard,67,low,28,medium
3,medium,77,low,4,medium
5,medium,69,low,15,low
1,easy,55,high,9,very_high
3,easy,27,low,21,medium
3,medium,70,high,12,high
1,hard,100,low,6,high
5,easy,85,low,10,low
5,easy,61,high,20,medium
5,easy,28,medium,10,high
3,medium,60,medium,24,medium
4,medium,43,low,22,medium
3,easy,77,low,21,low
5,easy,64,medium,3,high
4,medium,98,high,9,high
2,hard,34,high,28,very_high
1,medium,94,high,18,high
2,hard,22,low,16,high
1,hard,98,low,9,high
2,medium,96,low,28,medium
3,easy,85,medium,15,medium
5,hard,43,medium,11,high
5,hard,99,high,6,high
3,medium,34,medium,29,high
4,easy,47,low,9,medium
5,easy,75,medium,23,low
1,hard,46,low,22,high
3,easy,76,medium,9,medium
3,hard,27,low,12,high
3,easy,20,high,15,high
2,medium,60,medium,30,high
3,medium,29,low,16,medium
5,easy,58,high,1,high
2,medium,67,medium,27,high
3,medium,46,low,12,high
1,hard,29,high,17,very_high
3,easy,59,medium,17,medium
1,easy,96,low,28,medium
2,easy,55,medium,3,very_high
5,medium,68,low,28,low
4,easy,40,high,8,high
5,easy,25,low,13,medium
2,medium,46,high,23,very_high
1,easy,26,medium,26,high
5,easy,61,medium,28,medium
4,easy,24,medium,23,medium
1,medium,73,high,13,high
4,hard,45,medium,18,high
3,easy,75,medium,10,medium
1,hard,43,low,5,very_high
4,hard,85,high,3,very_high
1,hard,28,high,20,very_high
5,medium,69,low,19,low
1,hard,35,high,17,very_high
2,medium,68,low,28,medium
3,hard,35,medium,25,high
5,hard,86,low,4,medium
5,hard,73,low,8,medium
4,medium,53,medium,13,high
5,easy,88,low,2,medium
1,hard,53,high,11,very_high
3,hard,91,medium,29,medium
4,easy,96,low,24,low
4,easy,28,high,19,high
1,easy,82,low,14,medium
1,easy,84,high,19,high
3,medium,84,low,8,medium
2,hard,48,medium,13,very_high
2,hard,33,high,14,very_high
2,hard,89,low,20,medium
4,hard,57,high,18,high
4,medium,45,medium,30,high
3,medium,65,medium,3,very_high
3,medium,78,high,9,high
4,hard,29,medium,17,high
1,easy,20,medium,28,high
3,medium,53,low,15,medium
2,medium,99,low,3,high
2,hard,91,high,8,high
4,medium,66,high,29,high
4,easy,45,high,1,very_high
5,easy,62,low,14,medium
5,medium,24,high,22,high
1,hard,59,medium,9,very_high
3,easy,41,medium,26,high
2,hard,81,low,7,high
1,medium,36,high,5,very_high
5,hard,32,high,20,high
4,hard,88,medium,18,medium
1,medium,31,high,7,very_high
4,hard,96,medium,18,medium
4,easy,70,high,4,high
3,hard,99,high,15,high
5,medium,82,low,13,low
4,easy,43,low,28,medium
2,easy,65,low,20,medium
1,hard,49,low,12,very_high
5,medium,91,high,12,medium
1,hard,38,medium,26,very_high
2,easy,31,high,11,very_high
3,hard,83,low,21,medium
1,easy,57,high,22,high
2,easy,63,medium,3,very_high
2,medium,32,low,9,high
1,medium,27,high,6,very_high
1,medium,64,high,19,high
3,hard,41,high,14,very_high
5,hard,77,medium,1,high
2,hard,87,low,8,medium
4,hard,70,high,11,high
3,medium,80,high,13,high
1,medium,59,medium,5,very_high
5,medium,93,medium,19,low
5,medium,28,medium,29,medium
2,medium,89,low,9,medium
4,easy,49,medium,17,medium
1,medium,53,medium,28,high
3,medium,74,low,30,low
4,easy,64,high,13,high
2,medium,63,high,7,very_high
1,hard,59,medium,11,very_high
3,hard,29,low,30,high
5,medium,93,high,4,high
1,medium,98,high,2,very_high
3,hard,52,medium,8,high
2,hard,42,high,5,very_high
3,medium,24,medium,30,high
5,hard,47,medium,7,high
1,easy,96,medium,25,medium
4,hard,39,low,25,medium
3,medium,81,medium,17,medium
3,easy,47,high,20,high
5,easy,61,medium,19,medium
1,easy,87,low,7,medium
4,easy,40,low,17,medium
4,medium,68,high,30,high
5,hard,29,high,4,very_high
3,easy,42,medium,29,high
5,easy,57,high,28,medium
4,hard,80,medium,5,high
3,easy,61,high,18,high
2,medium,86,medium,9,high
4,hard,46,low,30,medium
3,easy,40,high,19,high
3,hard,60,high,23,high
2,easy,71,low,14,medium
1,hard,94,low,12,high
2,hard,60,low,29,medium
4,medium,33,medium,15,high
1,hard,89,high,2,very_high
4,easy,30,medium,30,medium
3,easy,35,high,12,very_high
5,medium,94,low,10,low
2,medium,34,low,30,high
4,easy,53,low,28,low
5,hard,25,low,7,high
3,easy,38,low,25,medium
3,easy,73,high,22,medium
3,easy,40,medium,18,high
5,medium,77,low,16,low
3,hard,41,medium,29,high
4,easy,26,low,20,medium
1,medium,21,low,5,very_high
4,hard,46,medium,5,very_high
5,hard,73,high,17,medium
2,easy,72,low,22,low
2,easy,85,medium,16,medium
4,medium,27,low,17,medium
5,medium,29,low,16,medium
1,hard,41,low,27,high
2,medium,24,high,16,very_high
5,easy,68,medium,9,medium
5,hard,26,low,19,medium
2,easy,26,low,10,high
1,medium,62,low,24,medium
3,medium,66,high,11,high
4,easy,90,high,21,medium
5,medium,42,medium,27,medium
3,hard,81,high,10,high
3,medium,67,high,18,high
5,medium,92,low,24,low
5,medium,45,high,21,high
3,hard,20,low,30,high
1,medium,68,low,6,high
4,hard,61,high,5,very_high
5,hard,57,high,25,high
2,hard,32,low,30,high
3,medium,67,low,6,high
1,hard,76,low,1,high
2,medium,94,medium,23,medium
4,medium,38,high,14,very_high
1,hard,46,high,17,very_high
5,medium,98,high,24,medium
4,hard,86,high,2,very_high
5,easy,45,low,7,medium
3,medium,38,high,12,very_high
5,easy,76,low,13,low
1,hard,48,medium,8,very_high
1,hard,25,high,18,very_high
2,easy,64,high,5,very_high
4,medium,49,medium,23,high
2,medium,67,medium,17,high
2,medium,94,medium,13,high
5,hard,98,high,6,high
4,easy,37,low,22,medium
4,easy,37,low,3,high
4,easy,36,low,19,medium
3,easy,31,low,13,high
4,easy,68,low,3,high
3,hard,38,high,16,very_high
5,medium,54,high,29,medium
3,easy,67,medium,3,high
2,hard,30,low,8,high
3,hard,97,medium,26,medium
5,medium,36,medium,18,medium
5,hard,20,medium,11,high
1,medium,35,low,14,high
3,easy,78,medium,6,medium
2,medium,37,medium,19,high
5,medium,75,low,4,medium
2,hard,22,high,17,very_high
3,easy,57,medium,2,high
3,medium,76,medium,20,medium
1,easy,34,low,17,high
4,medium,81,low,10,medium
4,easy,67,medium,20,medium
3,easy,28,medium,26,high
3,hard,30,high,22,very_high
1,medium,93,low,19,medium
5,easy,92,medium,12,medium
1,hard,65,low,20,high
4,easy,64,low,3,high
4,hard,44,low,9,high
1,easy,99,low,5,medium
4,easy,43,high,14,high
4,easy,98,low,13,low
3,medium,94,high,6,high
3,hard,51,high,5,very_high
3,medium,79,high,21,medium
3,medium,75,low,19,low
2,medium,91,medium,20,medium
5,medium,74,low,29,low
3,medium,98,high,13,high
3,medium,20,low,18,medium
4,medium,23,high,14,very_high
3,hard,72,high,4,high
1,medium,51,high,17,high
2,medium,41,low,18,high
1,hard,96,medium,5,high
3,easy,100,low,8,medium
4,hard,99,high,1,very_high
1,medium,31,high,28,very_high
2,hard,67,medium,29,high
3,easy,74,low,23,low
2,medium,31,high,21,very_high
5,medium,76,high,25,medium
3,hard,54,low,30,medium
3,easy,38,high,8,very_high
4,medium,43,low,7,high
2,medium,95,high,3,very_high
2,medium,49,medium,22,high
2,hard,91,low,4,high
2,hard,49,medium,2,very_high
5,hard,30,high,18,high
3,hard,60,high,18,high
4,hard,64,low,17,medium
1,hard,56,low,9,high
1,hard,100,low,6,high
3,easy,90,high,11,high
3,easy,33,medium,9,high
3,hard,47,low,26,high
3,hard,33,medium,12,very_high
2,medium,70,medium,2,high
3,hard,23,medium,25,high
3,medium,95,low,21,low
5,medium,62,low,22,low
2,hard,50,medium,18,high
4,easy,78,low,9,low
1,easy,69,high,1,very_high
1,medium,96,low,2,high
5,hard,90,low,18,low
4,easy,78,low,5,medium
3,easy,48,medium,19,high
2,hard,73,medium,6,high
2,medium,33,low,6,high
1,easy,50,high,9,very_high
2,easy,27,high,10,very_high
4,hard,44,medium,11,high
2,medium,22,low,27,high
2,hard,81,low,27,medium
5,medium,55,medium,3,high
3,hard,59,high,15,high
4,medium,22,medium,21,high
4,medium,86,medium,11,medium
3,hard,34,medium,30,high
2,medium,23,high,28,very_high
1,medium,72,high,17,high
1,easy,32,low,5,high
3,hard,53,high,10,very_high
5,hard,32,medium,27,high
3,medium,42,low,1,very_high
3,easy,36,high,10,very_high
3,hard,29,medium,11,very_high
3,medium,25,medium,11,high
5,medium,81,medium,10,medium
3,medium,71,high,17,medium
1,easy,41,low,14,high
1,hard,91,low,5,high
1,hard,66,high,13,very_high
5,hard,100,low,26,low
1,medium,38,high,18,very_high
1,easy,41,medium,30,high
2,medium,78,medium,11,high
2,easy,55,low,29,medium
3,easy,32,medium,14,high
4,hard,71,medium,3,high
4,medium,36,medium,30,high
2,hard,28,high,10,very_high
4,hard,88,medium,13,medium
2,medium,71,low,11,medium
1,easy,24,high,11,very_high
4,hard,57,high,15,high
3,easy,93,high,21,medium
4,medium,88,low,18,low
5,easy,67,high,20,medium
2,hard,22,low,30,high
2,easy,32,medium,20,high
4,medium,39,low,8,high
2,medium,32,low,2,very_high
1,medium,88,high,29,high
2,easy,27,medium,13,high
4,medium,52,high,10,high
1,medium,99,medium,9,high
5,easy,22,low,11,medium
3,medium,38,medium,1,very_high
5,medium,29,low,23,medium
5,easy,44,high,25,high
5,medium,24,high,17,high
5,hard,89,medium,21,medium
2,medium,71,low,7,medium
2,easy,70,low,12,medium
2,easy,28,medium,11,high
4,medium,96,medium,3,high
3,hard,56,medium,13,high
2,medium,74,medium,5,high
4,easy,43,medium,27,medium
4,hard,63,medium,3,very_high
4,medium,52,low,4,medium
1,hard,81,low,21,medium
3,medium,99,low,26,low
1,medium,57,low,5,high
2,medium,50,high,14,very_high
1,easy,94,low,17,medium
2,easy,38,medium,22,high
3,easy,30,medium,10,high
3,easy,33,high,25,high
2,easy,56,low,21,medium
1,easy,81,medium,27,medium
3,easy,27,high,12,very_high
4,easy,25,high,14,high
2,easy,53,low,21,medium
5,hard,69,medium,27,medium
2,medium,36,medium,17,high
3,easy,98,high,7,high
4,medium,38,medium,26,high
4,medium,49,low,24,medium
2,hard,80,medium,15,medium
1,hard,34,low,7,very_high
2,medium,49,medium,24,high
4,medium,62,low,11,medium
3,easy,49,medium,6,high
5,easy,71,medium,12,medium
3,hard,22,medium,10,very_high
5,medium,32,high,25,high
4,hard,36,low,5,high
1,medium,95,low,21,medium
1,medium,66,medium,23,high
5,hard,90,medium,1,high
4,medium,50,low,2,high
1,easy,84,high,19,high
2,medium,96,high,12,high
1,medium,65,medium,16,high
4,medium,35,low,16,medium
4,hard,91,low,29,low
4,easy,72,high,19,medium
3,hard,49,medium,12,very_high
3,medium,29,medium,28,high
1,hard,75,high,27,high
5,hard,63,low,26,medium
5,hard,72,medium,24,medium
3,easy,65,low,2,high
5,easy,58,medium,20,medium
3,hard,53,low,17,medium
4,medium,73,low,17,low
3,easy,87,low,15,low
3,medium,87,low,1,high
2,medium,42,low,22,high
2,hard,77,low,3,high
3,easy,68,low,9,medium
4,medium,89,low,13,medium
4,medium,89,high,24,medium
4,medium,59,medium,1,high
3,medium,67,high,17,high
3,easy,72,high,6,high
3,hard,23,low,27,high
4,easy,42,low,27,medium
5,medium,63,medium,26,medium
1,easy,85,high,5,high
3,hard,20,low,23,high
1,easy,41,medium,29,high
5,hard,76,low,6,medium
2,easy,52,medium,21,medium
1,easy,98,low,9,medium
1,medium,72,medium,26,medium
4,easy,37,high,1,very_high
5,easy,37,low,23,medium
1,medium,89,low,18,medium
4,hard,59,low,20,medium
3,hard,97,medium,20,medium
2,hard,96,high,15,high
4,easy,52,low,9,medium
4,hard,30,medium,8,high
5,easy,57,medium,18,medium
1,hard,87,low,25,medium
5,easy,97,high,10,medium
4,easy,100,low,23,low
4,easy,77,medium,3,high
3,easy,100,low,12,medium
1,easy,59,low,26,medium
4,medium,86,high,16,medium
1,easy,71,low,3,high
5,hard,33,high,30,high
1,easy,27,medium,15,high
4,medium,69,high,7,high
2,easy,78,low,29,low
4,medium,87,low,28,low
2,medium,23,low,23,high
5,medium,23,low,5,high
5,hard,64,medium,12,high
5,medium,22,medium,21,medium
3,hard,65,high,17,high
5,hard,76,low,16,low
5,easy,35,medium,11,high
4,hard,79,low,8,medium
3,hard,21,low,9,high
5,hard,84,low,4,medium
1,easy,26,high,10,very_high
3,easy,77,medium,2,high
3,easy,69,high,25,high
3,medium,24,low,5,high
4,easy,42,high,13,high
2,medium,41,medium,8,very_high
3,hard,45,high,12,very_high
5,hard,25,high,22,high
4,hard,76,medium,13,medium
4,hard,89,low,18,low
3,medium,29,high,5,very_high
5,easy,51,low,25,low
2,easy,51,high,5,very_high
4,hard,98,low,11,medium
3,hard,85,high,19,high
1,easy,50,medium,30,high
1,medium,81,low,6,high
4,easy,73,low,20,low
5,hard,39,high,11,very_high
4,easy,69,high,1,very_high
4,hard,81,high,30,medium
5,easy,50,medium,19,medium
2,hard,77,medium,18,medium
4,easy,66,high,22,medium
1,easy,34,high,10,very_high
2,hard,34,high,24,very_high
5,hard,48,medium,24,high
3,hard,89,high,3,very_high
1,medium,97,low,1,high
3,easy,84,low,28,low
1,easy,63,high,18,high
1,medium,75,medium,7,high
2,hard,87,high,7,very_high
1,medium,73,high,5,very_high
2,easy,94,medium,12,medium
5,medium,100,high,16,medium
5,hard,64,low,3,high
3,medium,92,medium,17,medium
1,medium,82,low,20,medium
5,medium,54,medium,20,medium
4,easy,78,high,27,medium
4,hard,83,high,25,medium
4,easy,42,high,26,high
4,hard,77,medium,26,medium
1,medium,86,high,22,high
1,medium,66,high,22,high
2,hard,85,high,20,high
2,easy,77,low,26,low
3,easy,20,low,25,medium
4,medium,48,medium,11,high
4,easy,42,medium,24,medium
5,hard,21,high,19,high
3,hard,97,low,26,medium
4,easy,67,medium,29,medium
3,medium,40,medium,29,high
1,hard,59,high,29,very_high
5,hard,57,low,26,medium
2,medium,74,high,26,high
2,medium,54,low,6,high
2,easy,88,medium,3,high
4,easy,26,high,25,high
5,medium,21,high,18,high
5,hard,22,medium,27,high
2,medium,70,medium,16,medium
1,hard,25,high,15,very_high
1,medium,71,low,5,high
2,easy,64,high,27,high
1,medium,23,high,18,very_high
5,medium,97,high,1,high
1,easy,79,medium,13,high
3,hard,78,high,8,high
1,easy,50,high,8,very_high
5,easy,79,high,3,high
1,medium,37,high,17,very_high
4,hard,27,medium,21,high
5,hard,33,low,25,medium
1,easy,29,medium,24,high
3,medium,89,high,9,high
5,medium,31,low,24,medium
5,hard,68,medium,20,medium
4,medium,84,high,10,high
1,medium,84,low,5,high
2,easy,72,low,6,medium
2,medium,54,medium,23,high
5,medium,97,medium,8,medium
2,hard,68,high,25,high
4,medium,44,high,24,high
2,medium,81,medium,3,high
1,easy,81,medium,18,medium
3,hard,89,high,30,high
5,hard,26,high,22,high
1,easy,88,low,8,medium
3,hard,86,medium,27,medium
5,medium,68,low,10,medium
2,hard,48,medium,27,high
1,easy,40,medium,16,high
1,easy,60,high,9,very_high
1,easy,91,low,12,medium
2,hard,69,low,30,medium
2,medium,81,low,18,medium
4,hard,39,low,20,medium
3,medium,51,low,18,medium
5,easy,93,high,28,medium
2,easy,46,medium,19,high
2,hard,100,low,21,medium
4,medium,41,low,9,high
1,medium,95,high,12,high
4,hard,55,low,10,medium
1,medium,36,low,21,high
4,medium,85,low,23,low
4,hard,66,medium,28,medium
1,hard,94,medium,7,high
3,hard,40,medium,17,high
2,hard,84,medium,17,medium
1,medium,79,medium,8,high
1,hard,93,medium,3,very_high
2,easy,89,high,3,very_high
2,hard,61,medium,21,high
2,medium,65,medium,19,high
3,hard,79,low,19,medium
1,easy,86,medium,8,high
1,hard,67,low,15,high
3,easy,27,medium,26,high
1,hard,46,high,9,very_high
1,hard,80,medium,4,high
5,hard,98,medium,2,high
5,hard,48,low,9,high
3,easy,95,medium,20,medium
3,medium,79,low,27,low
5,hard,64,medium,28,medium
3,medium,38,high,12,very_high
5,hard,39,low,24,medium
3,hard,62,high,24,high
2,hard,100,low,11,medium
1,medium,76,low,10,medium
3,hard,25,high,12,very_high
5,hard,44,medium,29,high
3,easy,32,low,5,high
1,medium,92,low,24,medium
3,easy,21,low,22,medium
5,hard,74,high,22,medium
5,hard,21,low,30,medium
2,medium,74,high,1,very_high
4,hard,68,medium,27,medium
3,easy,64,high,4,high
3,hard,38,high,28,very_high
3,medium,31,high,14,very_high
1,easy,83,medium,14,high
3,easy,30,medium,4,high
4,easy,48,medium,17,medium
5,medium,34,high,11,high
4,easy,47,high,11,high
5,easy,73,low,30,low
3,easy,53,high,10,high
1,medium,90,medium,10,high
4,easy,33,low,13,medium
5,easy,85,medium,7,medium
1,medium,90,high,22,high
5,medium,61,medium,3,high
4,hard,75,high,14,high
2,easy,99,high,24,medium
1,medium,94,medium,25,medium
3,medium,98,high,2,very_high
5,easy,85,low,30,low
5,medium,38,low,6,high
2,easy,86,medium,19,medium
2,medium,58,medium,7,high
2,medium,49,medium,4,very_high
4,hard,66,medium,1,very_high
2,medium,29,high,16,very_high
1,hard,35,medium,22,very_high
4,medium,62,medium,13,high
5,easy,62,medium,13,medium
5,easy,25,low,1,high
2,hard,94,medium,23,medium
4,medium,45,high,21,high
5,easy,26,high,16,high
3,hard,35,medium,5,very_high
1,easy,48,medium,13,very_high
2,easy,56,high,8,high
2,medium,65,medium,8,high
3,easy,24,high,20,high
2,hard,61,low,9,high
4,medium,92,low,3,medium
4,hard,34,low,2,very_high
3,medium,80,medium,22,medium
4,easy,32,high,20,high
1,medium,92,high,20,high
3,medium,72,medium,10,medium
1,medium,56,medium,11,high
3,easy,68,high,3,very_high
3,hard,33,low,12,high
4,easy,95,medium,3,high
4,easy,77,low,16,low
3,easy,89,medium,25,medium
2,easy,98,low,9,medium
2,medium,34,low,7,high
2,hard,30,low,5,very_high
5,easy,29,medium,16,medium
5,hard,71,low,1,medium
2,hard,36,high,14,very_high
4,easy,80,medium,25,low
5,medium,74,high,10,medium
3,medium,32,low,27,medium
2,easy,41,high,18,high
5,medium,52,high,21,medium
3,hard,77,high,12,high
4,medium,75,low,7,medium
2,easy,28,high,25,high
5,medium,86,low,27,low
2,hard,50,low,22,medium
1,medium,82,medium,29,medium
3,medium,52,low,9,medium
5,easy,22,low,27,medium
3,hard,64,medium,3,very_high
5,hard,80,medium,26,medium
4,easy,74,low,21,low
3,hard,86,medium,2,high
3,hard,58,high,23,high
3,hard,65,medium,25,high
5,hard,35,high,19,high
5,hard,75,medium,27,medium
2,hard,30,low,28,high
2,medium,100,low,17,medium
2,hard,45,high,11,very_high
1,hard,25,medium,19,very_high
2,easy,90,high,27,medium
1,hard,60,low,17,high
1,easy,72,medium,5,high
4,medium,31,medium,3,very_high
1,hard,73,medium,25,high
5,medium,75,low,7,medium
1,easy,44,high,6,very_high
1,easy,88,low,14,medium
3,hard,100,low,28,medium
4,medium,40,low,23,medium
4,easy,48,medium,10,high
3,easy,26,low,22,medium
1,medium,23,high,4,very_high
1,medium,58,low,17,medium
1,easy,77,low,2,high
2,hard,56,low,21,medium
5,easy,66,medium,30,medium
2,hard,89,medium,6,high
1,hard,52,medium,9,very_high
1,medium,99,low,4,high
3,easy,32,low,30,medium
3,easy,69,medium,22,medium
2,medium,86,medium,20,medium
2,hard,25,high,26,very_high
1,easy,31,medium,7,very_high
4,hard,87,medium,26,medium
1,easy,44,high,6,very_high
3,medium,58,low,1,high
1,medium,98,high,24,high
1,hard,96,high,8,very_high
2,medium,24,low,17,high
2,medium,89,high,28,high
3,hard,34,medium,30,high
5,easy,56,low,9,medium
5,hard,55,medium,10,high
4,hard,90,medium,24,medium
2,hard,20,high,5,very_high
3,hard,38,high,3,very_high
2,hard,25,high,7,very_high
3,easy,22,medium,17,high
4,hard,58,medium,20,medium
2,medium,89,high,12,high
3,medium,28,medium,28,high
4,easy,60,high,25,medium
2,hard,79,high,23,high
4,hard,60,high,15,high
1,medium,61,high,28,high
2,medium,52,low,26,medium
3,easy,51,low,4,medium
4,hard,59,medium,18,medium
1,easy,84,medium,10,high
1,easy,41,low,3,very_high
5,hard,23,low,19,medium
1,easy,77,medium,14,high
2,hard,25,high,5,very_high
3,medium,23,high,4,very_high
2,medium,72,low,20,medium
5,medium,62,low,10,medium
5,hard,93,low,20,low
2,easy,33,medium,12,high
5,hard,24,medium,14,high
2,hard,76,high,25,high
1,medium,62,medium,20,high
3,hard,38,medium,12,very_high
5,hard,73,low,20,low
1,hard,52,medium,3,very_high
1,hard,88,medium,23,high
5,easy,86,high,16,medium
1,hard,86,low,15,medium
2,easy,58,high,11,high
1,medium,32,medium,6,very_high
2,easy,28,low,14,high
2,hard,45,high,18,very_high
3,medium,34,low,7,high
2,medium,56,low,15,medium
5,easy,73,medium,22,low
1,easy,78,medium,29,medium
2,medium,27,medium,21,high
4,easy,25,high,9,high
2,easy,24,medium,6,very_high
4,hard,75,low,7,medium
1,hard,56,medium,7,very_high
2,medium,79,medium,13,high
2,easy,45,high,3,very_high
4,medium,96,high,7,high
3,easy,41,medium,2,very_high
1,easy,46,high,21,very_high
3,easy,59,high,4,high
1,medium,25,low,12,high
1,hard,47,low,30,high
2,hard,75,low,8,medium
2,easy,87,low,16,low
5,hard,90,medium,15,medium
4,easy,47,medium,5,high
2,medium,84,medium,22,medium
1,easy,95,medium,23,medium
5,medium,48,low,4,high
1,medium,88,medium,24,medium
2,medium,53,medium,22,high
4,medium,92,medium,30,medium
2,medium,94,low,18,medium
1,easy,50,medium,11,high
5,medium,55,high,8,high
2,medium,84,low,21,medium
4,easy,44,medium,8,high
3,medium,78,medium,23,medium
1,easy,90,medium,17,medium
4,easy,80,low,24,low
5,medium,32,high,23,high
4,hard,34,high,1,very_high
3,hard,30,high,17,very_high
1,medium,78,low,6,high
1,hard,93,high,27,high
2,hard,63,medium,13,high
4,medium,76,high,19,medium
1,hard,73,low,20,medium
3,hard,73,low,23,medium
5,hard,39,high,17,high
4,medium,63,low,10,medium
2,easy,36,high,15,high
5,easy,92,medium,13,medium
3,medium,28,low,4,high
3,easy,74,medium,12,medium
2,hard,41,low,25,high
2,medium,87,low,13,medium
4,medium,86,low,5,medium
4,hard,36,low,1,very_high
3,medium,62,high,5,very_high
3,hard,29,high,4,very_high
3,hard,92,high,17,high
5,easy,37,low,19,medium
5,medium,45,medium,28,medium
2,hard,31,medium,11,very_high
5,hard,61,low,23,medium
3,medium,76,high,24,medium
1,medium,30,medium,24,high
5,medium,82,medium,10,medium
4,medium,67,low,8,medium
1,medium,74,high,18,high
1,medium,27,low,29,high
4,hard,87,low,28,low
1,easy,48,low,16,high
2,medium,75,high,10,high
3,medium,44,low,5,high
5,medium,72,low,29,low
4,easy,50,medium,2,high
3,hard,77,medium,30,medium
5,hard,32,high,1,very_high
3,medium,60,low,2,high
1,easy,43,high,17,very_high
5,hard,64,low,23,medium
3,easy,34,medium,4,high
3,hard,63,medium,9,high
3,hard,77,low,25,medium
5,easy,34,high,24,high
3,medium,70,low,14,medium
1,hard,78,low,30,medium
1,medium,46,low,1,very_high
4,hard,89,low,22,low
4,hard,27,low,2,very_high
2,easy,77,high,29,medium
5,medium,47,high,22,high
2,hard,80,low,21,medium
3,hard,42,medium,18,high
1,hard,69,medium,1,very_high
5,medium,94,low,8,low
1,medium,94,low,30,medium
3,hard,20,high,15,very_high
4,medium,21,high,17,high
4,easy,77,high,30,medium
4,medium,51,low,16,medium
3,easy,21,high,29,high
1,easy,100,medium,25,medium
3,hard,94,medium,26,medium
5,hard,23,medium,13,high
5,hard,86,low,24,low
1,hard,62,high,4,very_high
2,hard,40,low,10,high
4,medium,28,high,21,high
1,hard,56,low,26,high
5,easy,33,low,26,medium
1,medium,71,low,17,medium
3,medium,59,medium,8,high
1,medium,30,low,22,high
4,easy,65,low,4,medium
3,medium,75,medium,8,medium
5,easy,34,low,17,medium
3,hard,36,high,16,very_high
3,easy,21,high,15,high
5,easy,65,medium,16,medium
4,easy,85,medium,7,medium
4,medium,41,medium,8,high
2,hard,99,low,21,medium
4,easy,20,low,20,medium
5,medium,67,low,27,low
3,easy,80,medium,4,medium
3,medium,40,high,27,high
4,hard,29,low,27,medium
1,medium,59,high,3,very_high
1,hard,21,low,16,high
2,easy,78,low,25,low
3,easy,40,medium,18,high
3,easy,81,medium,5,medium
4,hard,71,high,21,medium
2,medium,35,high,26,very_high
1,medium,39,high,3,very_high
3,easy,67,low,27,medium
2,easy,62,low,2,high
5,hard,37,high,28,high
3,easy,66,low,16,medium
4,easy,68,high,26,medium
1,medium,82,low,24,medium
5,hard,87,low,14,medium
2,medium,38,high,12,very_high
3,easy,100,low,12,medium
5,medium,28,high,10,high
4,hard,82,medium,8,medium
1,medium,31,low,23,high
5,hard,32,low,5,high
2,medium,86,medium,5,high
4,easy,64,high,26,medium
5,medium,100,high,10,medium
5,hard,20,high,29,high
5,easy,54,high,7,high
4,medium,46,medium,24,high
2,easy,67,medium,8,high
3,easy,37,high,16,high
1,medium,25,medium,15,high
3,easy,67,medium,6,high
4,medium,20,high,11,very_high
4,medium,61,high,11,high
2,easy,95,medium,7,high
2,easy,95,high,15,medium
4,hard,86,low,5,medium
4,medium,36,low,30,medium
2,easy,59,medium,11,high
3,hard,88,medium,20,medium
5,easy,31,medium,13,high
3,easy,40,low,1,high
3,easy,53,high,25,high
3,hard,53,high,23,high
5,medium,90,high,24,medium
3,hard,23,high,12,very_high
5,medium,69,low,15,low
1,medium,72,high,14,high
4,easy,24,high,20,high
4,medium,66,high,6,high
3,easy,64,medium,10,high
4,easy,56,high,13,high
2,hard,45,medium,23,high
3,hard,71,low,28,medium
2,hard,94,high,14,high
2,medium,32,low,4,high
5,hard,26,medium,19,high
3,easy,91,high,22,medium
1,easy,85,low,5,medium
5,medium,61,high,4,high
1,medium,60,low,19,medium
2,hard,35,high,3,very_high
5,hard,40,high,27,high
3,easy,36,low,30,medium
2,hard,51,medium,28,high
1,medium,82,medium,23,medium
3,medium,82,high,1,very_high
5,easy,36,low,16,medium
4,medium,37,low,7,high
4,easy,33,medium,1,very_high
1,hard,53,high,30,very_high
1,easy,84,medium,16,medium
3,easy,20,medium,19,high
3,hard,78,high,11,high
4,medium,57,low,26,medium
5,easy,100,low,13,low
1,medium,61,high,25,high
4,medium,86,medium,14,medium
2,medium,78,medium,13,high
3,easy,37,low,25,medium
4,hard,49,low,4,high
2,hard,77,high,28,high
5,hard,86,medium,2,high
4,medium,42,high,14,very_high
5,medium,48,medium,5,high
3,easy,64,high,10,high
5,hard,90,high,16,medium
4,medium,57,low,14,medium
4,medium,37,low,10,high
2,hard,96,high,8,high
4,easy,75,medium,23,low
1,medium,68,high,7,very_high
1,easy,48,medium,2,very_high
3,easy,75,low,9,medium
3,medium,57,medium,29,medium
4,hard,77,low,12,medium
2,medium,40,low,20,high
1,hard,71,medium,14,high
5,hard,42,high,26,high
2,easy,63,high,28,high
1,medium,87,medium,12,high
5,easy,42,low,29,medium
3,hard,21,high,3,very_high
5,medium,98,medium,13,medium
3,hard,64,medium,8,high
1,easy,87,high,7,high
5,medium,57,high,20,medium
4,medium,98,low,27,low
3,medium,80,low,6,medium
4,easy,90,low,24,low
3,easy,39,high,7,very_high
5,easy,82,low,1,medium
4,easy,71,high,27,medium
3,hard,62,low,6,high
1,medium,78,low,22,medium
5,medium,86,high,5,high
4,medium,59,low,16,medium
3,hard,77,high,4,high
5,medium,96,medium,15,low
2,medium,98,medium,9,high
2,hard,86,high,23,high
4,easy,49,high,21,high
3,medium,83,medium,19,medium
5,easy,81,medium,24,low
2,medium,47,high,6,very_high
4,medium,40,low,4,high
2,hard,97,high,9,high
4,medium,61,low,25,medium
2,medium,67,medium,22,high
4,easy,68,high,11,high
2,medium,20,high,1,very_high
2,easy,23,medium,20,high
5,hard,100,high,21,medium
1,medium,93,low,28,medium
4,hard,79,medium,3,high
2,easy,76,medium,6,high
4,easy,65,medium,7,high
3,hard,92,medium,28,medium
4,hard,98,medium,6,high
5,hard,61,low,1,high
3,medium,57,medium,22,medium
3,easy,66,medium,25,medium
5,easy,45,low,11,medium
2,medium,35,medium,22,high
2,medium,32,high,5,very_high
1,easy,37,medium,25,high
2,medium,60,high,15,high
1,easy,100,low,28,medium
1,easy,95,high,15,high
5,hard,70,medium,17,medium
4,medium,55,low,27,medium
4,medium,99,low,27,low
1,hard,53,medium,24,high
3,easy,36,medium,7,high
3,easy,56,medium,7,high
1,hard,55,medium,20,high
3,hard,23,low,9,high
5,medium,53,low,10,medium
4,easy,68,low,2,high
3,easy,69,medium,3,high
3,hard,96,high,11,high
1,medium,98,medium,21,medium
1,hard,79,high,9,very_high
1,hard,51,low,18,high
2,medium,48,low,9,high
3,easy,93,medium,1,high
3,easy,75,high,22,medium
4,easy,48,low,3,high
3,hard,23,high,27,very_high
4,easy,33,low,1,high
4,medium,38,medium,5,high
1,hard,55,medium,9,very_high
1,hard,96,high,7,very_high
5,hard,95,low,21,low
2,easy,60,medium,27,medium
1,hard,54,low,18,high
1,easy,63,medium,18,high
4,hard,88,medium,1,high
4,easy,100,medium,23,low
5,hard,35,medium,17,high
3,hard,64,high,24,high
3,hard,30,low,5,high
4,medium,28,high,17,high
5,medium,83,medium,6,medium
1,easy,36,low,14,high
2,hard,63,high,26,high
2,easy,36,medium,26,high
4,easy,22,medium,29,medium
2,hard,37,high,25,very_high
1,hard,32,medium,7,very_high
5,easy,61,high,12,high
4,hard,25,low,8,high
2,hard,20,high,30,very_high
5,hard,44,low,19,medium
5,easy,81,high,18,medium
4,hard,62,low,5,high
3,medium,58,high,6,very_high
3,medium,87,high,30,medium
3,easy,25,high,28,high
3,hard,94,high,13,high
2,medium,22,low,8,high
1,hard,96,low,12,high
4,easy,52,medium,24,medium
4,easy,44,low,30,medium
2,hard,23,low,5,very_high
2,medium,78,low,28,medium
1,easy,69,high,29,high
4,hard,49,medium,1,very_high
1,medium,75,medium,24,medium
1,easy,66,high,19,high
4,hard,25,high,25,high
1,medium,25,low,27,high
3,medium,51,high,8,high
4,hard,92,high,25,medium
5,hard,91,medium,12,medium
3,easy,38,high,23,high
5,easy,25,low,17,medium
2,easy,56,medium,30,medium
3,hard,62,high,23,high
5,easy,62,low,24,low
1,easy,26,medium,16,high
3,hard,38,high,4,very_high
4,hard,39,medium,9,high
1,medium,78,medium,27,medium
1,easy,57,medium,14,high
5,easy,33,low,9,medium
2,easy,91,low,9,medium
1,easy,95,medium,5,high
3,hard,51,high,10,very_high
1,medium,85,high,9,high
4,easy,86,medium,1,high
5,hard,81,low,13,medium
5,hard,38,high,1,very_high
4,easy,37,medium,30,medium
5,easy,91,medium,17,low
3,hard,43,high,23,very_high
2,hard,97,low,16,medium
3,hard,58,high,19,high
1,easy,74,high,28,high
3,easy,68,low,11,medium
4,hard,34,medium,1,very_high
4,hard,36,medium,25,high
4,medium,97,medium,29,medium
2,medium,26,low,25,high
2,hard,28,high,7,very_high
3,hard,87,high,24,high
1,easy,82,low,26,medium
2,easy,75,low,23,low
1,easy,25,medium,15,high
4,easy,61,high,25,medium
2,easy,59,high,11,high
3,easy,58,medium,6,high
3,hard,78,high,5,high
4,hard,61,medium,10,high
1,easy,71,high,11,high
2,hard,89,medium,12,high
3,medium,64,medium,16,medium
4,easy,88,medium,19,low
1,easy,42,medium,30,high
3,hard,48,low,24,high
3,medium,65,high,12,high
1,easy,82,low,19,medium
4,medium,56,low,7,medium
2,medium,67,medium,25,high
4,easy,44,high,7,very_high
1,easy,95,medium,21,medium
4,medium,95,medium,9,medium
1,easy,57,medium,25,high
3,easy,72,high,13,high
2,easy,34,low,22,medium
4,hard,75,low,13,medium
5,medium,87,low,18,low
3,hard,78,high,6,high
4,easy,90,low,23,low
4,hard,42,high,5,very_high
3,easy,53,medium,19,medium
1,medium,90,medium,13,high
1,hard,51,low,15,high
4,easy,82,high,14,medium
4,hard,88,low,19,low
5,medium,92,medium,13,medium
4,easy,29,low,23,medium
3,hard,24,medium,26,high
5,easy,63,low,13,medium
4,hard,38,low,9,high
3,medium,24,high,1,very_high
3,medium,80,low,19,low
3,easy,30,low,17,medium
3,medium,34,high,30,high
2,hard,83,medium,2,very_high
1,easy,43,high,13,very_high
2,medium,72,low,27,medium
5,medium,44,medium,29,medium
4,easy,32,low,8,medium
3,medium,38,medium,30,high
5,hard,28,medium,14,high
4,medium,31,high,2,very_high
4,easy,31,high,27,high
1,hard,88,medium,27,high
1,hard,88,low,1,high
1,hard,61,low,19,high
1,medium,20,high,7,very_high
1,medium,33,medium,12,very_high
5,easy,93,low,29,low
5,easy,44,low,2,high
1,medium,97,low,29,medium
5,medium,23,medium,15,medium
3,medium,47,low,1,very_high
1,easy,89,high,21,high
4,hard,82,high,22,medium
4,hard,63,medium,30,medium
4,medium,89,low,7,medium
3,hard,80,low,15,medium
2,hard,48,high,18,very_high
2,medium,39,medium,29,high
4,medium,41,medium,18,high
1,easy,73,low,13,medium
1,hard,75,medium,22,high
3,medium,41,low,26,medium
5,hard,55,low,23,medium
3,medium,64,high,2,very_high
4,medium,71,medium,3,high
1,easy,68,medium,13,high
4,medium,83,low,28,low
5,medium,31,high,3,very_high
5,hard,42,low,22,medium
2,hard,30,low,5,very_high
5,medium,97,high,30,medium
3,easy,23,high,29,high
2,easy,49,high,29,high
2,easy,74,high,30,medium
1,hard,34,low,11,very_high
3,hard,47,low,6,high
2,medium,25,medium,23,high
1,hard,72,medium,2,very_high
1,easy,73,medium,30,medium
5,medium,84,high,18,medium
1,hard,73,medium,11,high
4,medium,92,medium,18,medium
3,medium,48,low,3,very_high
5,easy,71,high,1,high
5,easy,100,low,15,low
4,easy,88,medium,10,medium
3,easy,25,low,7,high
2,easy,77,high,16,medium
5,hard,60,low,8,medium
3,medium,21,low,29,medium
4,easy,88,medium,23,low
2,hard,55,high,18,high
5,hard,20,low,12,high
2,easy,37,high,24,high
2,easy,77,medium,11,medium
2,medium,35,low,21,high
3,hard,42,low,13,high
4,easy,51,high,7,high
4,medium,68,medium,26,medium
5,easy,86,low,12,low
4,easy,23,high,17,high
2,easy,34,low,7,high
3,medium,93,medium,3,high
3,easy,25,high,27,high
3,medium,66,high,19,high
2,easy,85,medium,29,medium
3,easy,56,medium,4,high
3,hard,38,medium,6,very_high
3,medium,42,medium,10,high
2,hard,57,high,6,very_high
4,hard,88,high,25,medium
5,easy,100,low,18,low
2,hard,32,high,23,very_high
4,easy,86,high,9,medium
3,hard,66,high,4,very_high
3,medium,86,high,10,high
5,hard,94,low,18,low
4,medium,51,low,15,medium
2,easy,48,medium,1,very_high
5,medium,39,low,18,medium
5,easy,34,low,25,medium
2,hard,68,high,9,very_high
4,hard,23,high,5,very_high
1,medium,67,medium,16,high
4,hard,76,low,1,high
1,hard,87,low,21,medium
2,easy,63,medium,18,medium
1,hard,76,high,21,high
1,medium,93,high,13,high
5,hard,47,low,29,medium
5,hard,65,medium,24,medium
2,hard,85,low,26,medium
5,hard,26,high,29,high
2,medium,92,high,14,high
5,hard,61,low,23,medium
3,easy,57,low,2,high
1,easy,25,low,19,high
3,easy,64,high,23,high
1,easy,40,high,30,very_high
3,easy,58,medium,22,medium
1,easy,69,medium,21,high
5,medium,51,medium,18,medium
4,hard,68,medium,21,medium
5,hard,56,high,2,very_high
5,hard,82,high,15,medium
4,medium,95,medium,14,medium
3,hard,44,medium,10,very_high
3,medium,95,low,18,low
2,easy,57,low,2,high
1,hard,67,high,27,very_high
3,easy,49,low,10,high
4,medium,22,low,18,medium
1,easy,59,high,3,very_high
4,medium,91,low,11,medium
3,easy,35,low,8,high
3,easy,73,high,10,high
4,hard,71,high,3,very_high
4,medium,55,low,12,medium
1,hard,61,low,1,very_high
5,hard,92,medium,13,medium
4,medium,86,medium,11,medium
2,medium,31,low,10,high
3,hard,75,medium,29,medium
1,hard,91,medium,15,high
5,easy,73,low,14,low
2,medium,30,low,19,high
3,hard,24,medium,12,very_high
3,hard,65,medium,26,high
5,medium,61,medium,28,medium
2,hard,55,medium,22,high
4,easy,41,low,24,medium
3,medium,73,low,22,low
5,medium,36,low,3,high
3,easy,44,low,17,medium
1,easy,82,medium,5,high
4,hard,87,high,29,medium
1,easy,56,medium,26,high
3,hard,89,low,5,medium
1,medium,96,low,8,medium
2,easy,84,medium,17,medium
2,easy,45,medium,26,high
2,easy,97,high,3,very_high
5,easy,32,high,5,high
5,medium,38,low,19,medium
3,hard,63,high,30,high
3,easy,22,medium,17,high
3,medium,20,medium,6,very_high
4,hard,42,medium,21,high
3,easy,72,medium,14,medium
5,easy,84,high,1,high
5,medium,32,medium,20,medium
5,easy,24,low,30,medium
5,hard,97,medium,4,medium
4,hard,73,high,9,high
3,hard,47,low,22,high
5,hard,22,high,2,very_high
3,easy,81,high,29,medium
3,hard,44,high,29,very_high
2,easy,52,high,10,high
5,easy,79,high,11,medium
3,medium,71,high,8,high
5,hard,98,medium,22,medium
3,hard,83,medium,2,high
2,easy,100,medium,8,medium
4,medium,63,medium,30,medium
2,medium,44,high,10,very_high
1,hard,49,medium,15,very_high
2,medium,53,low,19,medium
5,medium,30,low,1,high
5,medium,39,low,28,medium
4,medium,20,high,2,very_high
1,easy,65,high,23,high
2,easy,50,medium,3,very_high
3,easy,21,medium,8,high
5,hard,53,low,20,medium
3,hard,27,low,29,high
5,hard,78,medium,4,medium
4,easy,45,low,28,medium
2,medium,44,medium,16,high
3,hard,100,high,3,very_high
4,easy,23,low,21,medium
4,medium,78,low,1,medium
4,easy,40,low,21,medium
1,medium,99,medium,6,high
5,hard,31,high,2,very_high
5,easy,68,high,19,medium
1,easy,49,medium,4,very_high
3,easy,66,medium,13,high
1,medium,92,low,24,medium
5,medium,25,medium,3,very_high
3,medium,73,high,1,very_high
4,medium,65,low,13,medium
1,hard,30,low,28,high
2,hard,48,medium,9,very_high
4,medium,98,low,5,medium
2,medium,82,low,5,medium
5,easy,37,high,3,very_high
3,easy,85,medium,11,medium
3,easy,82,low,28,low
3,medium,87,high,3,very_high
2,medium,74,medium,13,high
2,easy,60,high,22,high
1,easy,62,medium,22,high
1,medium,99,low,11,medium
3,medium,30,medium,13,high
3,hard,79,medium,5,high
4,hard,84,high,19,medium
5,medium,57,high,21,medium
2,medium,36,high,19,very_high
5,hard,22,low,19,medium
4,easy,72,medium,22,low
2,easy,42,medium,30,high
3,easy,51,high,27,high
2,hard,75,low,25,medium
3,medium,37,medium,9,high
4,hard,95,medium,3,high
3,easy,55,medium,16,medium
5,hard,87,low,9,medium
2,hard,22,high,20,very_high
1,easy,71,medium,25,medium
2,medium,79,low,15,medium
5,hard,20,low,3,high
3,medium,62,high,21,high
3,easy,81,medium,10,medium
2,easy,84,low,3,high
2,medium,74,low,29,medium
2,medium,41,high,29,very_high
4,medium,81,medium,2,high
1,easy,94,low,30,medium
3,easy,80,low,21,low
5,hard,52,medium,19,medium
2,hard,52,high,9,very_high
1,hard,100,low,29,medium
1,medium,35,medium,16,high
1,hard,38,low,10,very_high
4,medium,39,high,17,high
3,medium,54,low,24,medium
1,medium,21,low,6,very_high
4,hard,51,high,6,very_high
5,medium,31,medium,6,high
3,medium,51,low,29,medium
1,easy,93,medium,23,medium
5,easy,52,medium,24,medium
1,easy,27,low,21,high
4,medium,40,low,16,medium
5,hard,63,medium,14,high
4,medium,95,high,17,medium
5,easy,48,high,20,high
1,easy,49,high,26,very_high
2,medium,67,high,23,high
2,easy,57,medium,5,high
1,hard,64,medium,17,high
4,medium,48,medium,10,high
5,medium,74,medium,29,low
3,easy,66,high,29,high
1,easy,88,high,24,high
5,medium,50,medium,14,medium
5,hard,36,low,19,medium
5,medium,74,high,9,medium
2,hard,49,low,25,high
1,hard,72,medium,10,high
3,easy,61,high,29,high
4,easy,71,high,30,medium
4,hard,74,medium,26,medium
4,easy,27,high,15,high
3,hard,85,medium,11,high
1,medium,29,low,24,high
2,easy,28,medium,6,very_high
1,hard,43,low,28,high
4,medium,62,low,23,medium
2,medium,33,high,30,very_high
1,hard,43,high,21,very_high
2,medium,81,low,16,medium
5,hard,52,high,29,high
4,easy,65,medium,22,medium
5,medium,82,high,26,medium
4,medium,98,low,14,medium
4,easy,25,high,17,high
4,easy,82,low,17,low
5,hard,73,medium,14,medium
2,hard,52,high,25,high
4,hard,62,medium,1,very_high
2,medium,57,medium,14,high
2,easy,69,high,7,very_high
4,hard,22,low,14,high
2,easy,57,medium,24,medium
1,medium,71,low,21,medium
4,medium,76,low,9,medium
1,medium,29,medium,8,very_high
5,easy,77,low,7,low
1,medium,75,high,27,high
4,medium,98,high,2,high
2,medium,86,low,22,medium
5,medium,82,low,22,low
2,medium,78,low,20,medium
1,hard,76,high,5,very_high
1,easy,85,low,18,medium
5,medium,24,medium,13,high
1,medium,54,medium,4,very_high
5,easy,85,medium,26,low
3,hard,78,high,19,high
4,easy,37,high,23,high
3,easy,58,medium,30,medium
4,medium,38,high,30,high
5,easy,21,high,3,very_high
2,easy,36,low,14,high
1,hard,47,high,27,very_high
3,easy,52,low,30,medium
2,medium,47,medium,10,very_high
5,hard,25,high,15,high
3,easy,79,low,6,medium
1,medium,92,medium,27,medium
4,hard,24,medium,18,high
1,hard,64,low,5,high
3,easy,75,high,16,medium
5,hard,87,high,25,medium
5,medium,23,low,7,high
4,hard,85,high,19,medium
3,medium,62,high,26,high
4,medium,96,medium,23,medium
4,easy,46,low,3,high
2,easy,20,medium,6,very_high
2,easy,51,high,5,very_high
2,easy,95,low,27,low
3,hard,56,high,30,high
4,hard,58,low,23,medium
1,hard,90,high,14,very_high
2,hard,48,high,18,very_high
5,easy,51,low,29,low
5,hard,28,medium,6,high
5,hard,24,high,29,high
3,hard,69,high,13,very_high
3,medium,99,low,29,low
2,easy,54,low,26,medium
5,hard,41,high,26,high
1,easy,67,high,19,high
3,easy,75,medium,8,medium
4,easy,61,medium,15,medium
1,easy,71,high,18,high
2,easy,47,high,25,high
2,hard,51,medium,25,high
5,hard,94,medium,9,medium
4,medium,94,high,27,medium
3,hard,25,low,21,high
5,hard,40,low,22,medium
2,medium,75,high,10,high
3,easy,42,high,5,very_high
4,medium,68,medium,1,high
1,hard,49,medium,13,very_high
5,easy,99,high,10,medium
3,medium,29,low,13,high
2,medium,97,low,18,medium
5,easy,82,low,20,low
4,medium,55,medium,14,high
1,hard,98,high,21,high
2,medium,25,low,1,very_high
1,hard,50,low,24,high
1,medium,33,high,19,very_high
3,medium,75,medium,29,medium
1,medium,99,low,10,medium
2,hard,64,high,25,high
3,medium,97,medium,3,high
1,easy,81,high,1,very_high
3,medium,89,low,7,medium
2,easy,80,high,18,medium
4,easy,100,high,17,medium
4,medium,36,low,13,high
3,hard,89,medium,18,medium
4,easy,92,low,11,low
5,easy,21,medium,13,high
4,hard,44,low,18,medium
1,easy,33,high,30,very_high
4,hard,80,medium,12,medium
1,medium,86,high,17,high
5,hard,58,high,20,high
2,easy,41,high,21,high
5,hard,70,high,13,high
1,easy,41,medium,16,high
4,easy,50,low,23,low
1,easy,34,medium,29,high
1,medium,97,medium,12,high
5,medium,89,high,24,medium
5,hard,41,medium,26,high
2,easy,52,high,26,high
1,hard,79,medium,25,high
1,easy,60,low,10,high
4,easy,39,medium,6,high
4,hard,37,low,3,very_high
3,medium,73,medium,23,medium
3,hard,88,low,3,high
5,hard,80,medium,17,medium
5,easy,79,medium,10,medium
1,easy,27,high,28,very_high
5,medium,62,medium,21,medium
5,easy,65,high,26,medium
2,medium,91,low,11,medium
3,medium,78,high,1,very_high
2,hard,83,high,12,high
2,medium,87,low,22,medium
2,hard,78,medium,19,medium
2,easy,89,high,21,medium
1,easy,39,high,3,very_high
2,hard,66,medium,9,high
2,medium,23,high,30,very_high
1,hard,65,low,7,high
1,easy,32,low,29,high
4,easy,88,medium,21,low
2,easy,89,high,30,medium
3,medium,73,low,11,medium
4,hard,26,medium,17,high
4,easy,31,low,9,medium
5,easy,88,medium,23,low
4,medium,77,medium,6,medium
1,hard,61,high,15,very_high
1,easy,71,low,18,medium
3,easy,34,high,29,high
3,medium,93,low,11,medium
5,medium,22,high,21,high
4,hard,60,medium,13,high
4,easy,75,low,30,low
4,medium,61,low,29,medium
4,hard,68,low,7,high
2,medium,20,medium,10,very_high
4,hard,53,low,9,medium
1,hard,56,medium,30,high
4,easy,45,high,19,high
5,easy,84,high,26,medium
1,medium,65,low,9,high
3,easy,63,medium,25,medium
4,medium,49,medium,23,high
5,easy,81,high,23,medium
3,hard,21,medium,13,very_high
2,hard,36,high,13,very_high
1,hard,24,medium,20,very_high
5,hard,55,low,6,medium
2,medium,21,high,10,very_high
3,easy,83,low,6,medium
3,medium,43,medium,19,high
4,medium,73,low,8,medium
5,medium,22,high,4,very_high
5,medium,29,high,2,very_high
4,medium,27,high,14,very_high
5,medium,51,low,29,low
2,medium,43,medium,23,high
1,hard,78,low,24,medium
3,easy,94,medium,15,medium
3,hard,100,high,3,very_high
5,medium,57,low,17,low
1,easy,47,low,29,high
1,medium,99,medium,12,high
2,hard,97,high,2,very_high
1,hard,31,medium,4,very_high
3,medium,99,high,11,high
4,hard,74,low,25,low
1,easy,49,low,4,high
2,easy,49,low,15,medium
2,easy,72,low,18,low
3,medium,32,medium,5,very_high
2,hard,76,low,15,medium
2,easy,78,high,4,high
2,medium,52,medium,23,high
3,hard,33,high,21,very_high
5,hard,58,medium,20,medium
3,hard,44,medium,29,high
2,hard,100,high,27,high
4,easy,68,high,9,high
5,hard,80,medium,22,medium
4,easy,88,low,25,low
4,medium,35,medium,25,high
5,medium,28,high,9,high
5,medium,79,high,2,high
2,easy,50,low,28,medium
1,easy,52,low,21,medium
1,hard,73,high,27,high
3,medium,53,high,23,high
5,medium,50,high,22,medium
1,easy,30,medium,23,high
2,easy,67,low,1,high
2,medium,98,low,13,medium
5,hard,97,medium,10,medium
5,hard,33,high,26,high
5,medium,54,high,29,medium
4,medium,72,medium,25,medium
5,easy,66,medium,22,medium
5,hard,57,medium,1,high
5,easy,23,high,4,high
3,hard,87,high,6,high
5,medium,83,low,5,medium
1,easy,34,low,19,high
3,easy,31,high,14,very_high
2,hard,35,medium,5,very_high
1,medium,57,medium,5,very_high
4,medium,30,medium,10,high
1,medium,98,high,4,very_high
4,medium,35,medium,29,high
3,medium,55,low,5,high
2,hard,22,medium,26,high
3,medium,69,low,28,medium
5,easy,54,high,23,medium
3,medium,78,low,2,high
4,medium,27,low,28,medium
1,hard,76,high,22,high
3,medium,60,high,21,high
1,medium,65,low,7,high
3,easy,31,low,30,medium
5,hard,78,high,6,high
4,medium,68,medium,15,medium
1,hard,36,medium,15,very_high
1,medium,80,medium,12,high
1,medium,67,high,7,very_high
5,hard,46,medium,24,high
3,medium,86,medium,30,medium
3,medium,76,high,26,medium
1,medium,58,low,28,medium
2,easy,96,medium,8,medium
3,hard,89,high,19,high
1,easy,84,medium,23,medium
3,medium,63,medium,27,medium
2,hard,67,low,9,high
5,easy,73,low,30,low
4,medium,45,high,4,very_high
1,medium,39,low,18,high
4,hard,36,high,2,very_high
4,easy,24,low,7,high
5,easy,50,high,17,medium
1,hard,34,high,1,very_high
3,easy,98,high,7,high
4,medium,53,medium,15,medium
3,medium,29,high,28,high
2,hard,42,high,16,very_high
4,easy,49,medium,11,high
4,medium,23,low,6,high
4,hard,37,medium,9,high
3,easy,95,low,11,medium
2,hard,55,medium,30,high
1,easy,23,low,23,high
5,medium,85,low,20,low
1,easy,45,medium,12,very_high
5,medium,93,high,10,medium
2,hard,24,high,15,very_high
5,hard,77,low,8,medium
2,medium,31,low,28,high
5,hard,70,low,8,medium
3,hard,27,medium,3,very_high
2,hard,51,low,17,medium
2,medium,90,low,21,medium
1,easy,96,medium,23,medium
2,easy,34,medium,24,high
3,hard,52,medium,6,high
2,hard,41,low,25,high
3,hard,26,low,28,high
5,hard,83,medium,28,medium
1,easy,62,low,23,medium
2,medium,65,high,21,high
2,medium,85,high,9,high
5,easy,58,low,6,medium
4,medium,62,medium,7,high
5,medium,26,low,10,medium
5,medium,42,high,21,high
5,medium,75,high,2,high
3,easy,79,medium,8,medium
1,easy,66,low,26,medium
1,medium,90,low,26,medium
3,hard,90,low,11,medium
3,hard,64,medium,6,high
4,easy,34,low,23,medium
4,hard,26,medium,12,high
3,hard,81,low,27,medium
4,easy,23,high,9,high
1,easy,30,low,23,high
4,hard,25,low,6,high
3,medium,42,low,28,medium
2,easy,35,high,17,high
1,easy,34,high,30,very_high
3,easy,23,low,22,medium
5,easy,81,medium,23,low
5,medium,32,low,5,high
3,hard,99,high,25,high
5,medium,74,medium,6,medium
3,hard,51,medium,19,high
1,medium,68,low,3,very_high
1,easy,99,low,8,medium
3,easy,23,high,11,very_high
3,hard,81,low,10,medium
2,easy,40,high,1,very_high
3,medium,92,medium,29,medium
2,medium,49,high,5,very_high
2,medium,73,medium,16,medium
1,medium,82,medium,15,medium
1,hard,21,high,14,very_high
1,hard,44,medium,5,very_high
3,hard,45,low,21,high
5,easy,53,medium,27,medium
4,easy,91,medium,8,medium
2,hard,40,medium,3,very_high
4,medium,62,low,30,medium
4,easy,77,high,23,medium
3,hard,49,low,10,high
5,easy,72,medium,2,medium
3,hard,78,low,30,medium
3,medium,38,medium,9,high
2,easy,77,medium,13,medium
4,medium,62,low,5,medium
1,medium,42,low,6,very_high
3,hard,32,low,25,high
3,easy,40,medium,27,high
1,hard,33,medium,23,very_high
4,hard,46,medium,26,high
4,hard,48,high,6,very_high
3,medium,21,high,8,very_high
5,hard,54,medium,3,high
2,hard,85,low,28,medium
4,hard,25,low,25,medium
5,easy,27,medium,24,medium
2,hard,29,high,19,very_high
2,medium,77,high,15,high
2,hard,35,high,26,very_high
2,medium,57,high,3,very_high
1,medium,84,low,9,medium
1,hard,49,medium,21,very_high
5,easy,35,high,16,high
2,hard,68,low,13,high
1,hard,96,low,18,medium
4,easy,55,high,27,medium
2,medium,86,medium,13,high
1,hard,47,low,14,very_high
5,easy,85,high,3,high
2,hard,64,medium,2,very_high
5,medium,59,low,30,low
1,easy,33,high,2,very_high
1,easy,87,low,10,medium
4,easy,30,high,27,high
2,medium,45,medium,28,high
3,medium,92,high,19,medium
1,hard,22,high,10,very_high
3,hard,22,medium,13,very_high
3,medium,73,medium,19,medium
4,hard,74,low,7,medium
3,hard,81,high,23,high
5,hard,26,medium,11,high
1,easy,91,medium,15,medium
3,easy,49,high,30,high
2,hard,79,medium,24,medium
5,hard,82,high,19,medium
1,medium,88,high,9,high
5,hard,21,high,28,high
1,hard,24,high,4,very_high
4,hard,36,low,27,medium
5,easy,85,medium,14,medium
1,hard,93,high,3,very_high
3,medium,55,medium,8,high
2,easy,36,high,30,high
5,easy,71,high,25,medium
2,easy,29,low,27,medium
1,hard,20,low,13,very_high
3,easy,34,medium,23,high
2,medium,42,medium,18,high
4,hard,36,high,26,high
4,medium,70,medium,11,medium
5,easy,41,medium,20,medium
5,hard,23,medium,26,high
3,easy,20,low,23,medium
5,hard,44,low,24,medium
2,medium,56,low,7,high
1,easy,60,high,2,very_high
3,easy,98,high,4,high
5,hard,91,low,29,low
2,hard,42,high,27,very_high
5,easy,88,high,3,high
2,easy,45,low,12,high
3,hard,95,high,5,high
3,easy,84,medium,28,medium
5,medium,48,high,8,high
5,easy,72,low,5,low
1,hard,98,medium,5,high
4,hard,50,medium,14,high
1,medium,69,low,20,medium
5,easy,71,low,22,low
5,hard,63,high,7,high
5,hard,89,high,10,high
4,easy,38,medium,30,medium
3,hard,28,low,15,high
5,easy,45,medium,21,medium
3,medium,21,low,1,very_high
2,medium,25,medium,19,high
1,medium,28,medium,9,very_high
4,medium,33,low,23,medium
2,medium,77,high,2,very_high
2,hard,37,high,1,very_high
5,easy,35,low,30,medium
4,medium,94,medium,5,medium
3,medium,56,medium,25,medium
1,medium,50,low,24,medium
1,hard,92,high,13,very_high
5,medium,25,low,11,medium
4,hard,30,high,2,very_high
4,medium,72,low,6,medium
4,medium,84,low,28,low
1,medium,80,low,24,medium
3,medium,36,low,24,medium
1,easy,99,low,7,medium
2,hard,100,high,6,very_high
2,medium,43,low,16,high
1,hard,55,low,7,high
3,easy,87,medium,30,medium
5,medium,25,low,22,medium
4,hard,54,high,18,high
4,easy,57,low,30,low
5,medium,87,low,19,low
1,hard,77,medium,22,high
4,hard,34,high,17,high
4,medium,49,low,18,medium
3,medium,66,low,23,medium
5,medium,47,medium,16,medium
3,easy,57,low,15,medium
3,medium,92,low,23,low
1,easy,74,medium,16,medium
2,hard,68,high,7,very_high
2,easy,89,low,18,low
5,easy,28,medium,7,high
1,easy,55,medium,17,high
3,easy,24,medium,2,very_high
2,medium,84,high,24,high
2,medium,78,medium,26,medium
5,medium,38,medium,10,high
3,hard,31,low,28,high
4,medium,36,low,29,medium
2,medium,26,high,8,very_high
3,easy,45,medium,23,high
5,medium,37,low,3,high
1,hard,34,medium,11,very_high
1,hard,32,low,17,high
2,easy,77,low,18,low
2,easy,77,low,27,low
2,easy,94,low,27,low
3,easy,42,medium,30,high
5,medium,79,high,26,medium
4,hard,60,low,5,high
5,medium,90,medium,4,medium
3,hard,72,low,12,medium
3,hard,60,medium,28,high
2,medium,51,medium,25,high
5,hard,48,high,7,very_high
2,easy,44,medium,28,high
2,hard,59,medium,9,high
5,medium,62,high,14,high
1,hard,95,low,30,medium
2,hard,38,low,15,high
5,medium,62,low,30,low
5,easy,100,low,1,medium
1,hard,80,high,21,high
2,medium,22,low,16,high
2,hard,21,high,10,very_high
3,medium,92,high,10,high
5,hard,56,low,5,medium
3,hard,97,medium,29,medium
1,hard,93,low,16,medium
1,hard,45,high,4,very_high
5,easy,79,high,14,medium
3,hard,56,medium,7,high
4,medium,36,medium,10,high
2,easy,37,low,6,high
2,hard,32,high,30,very_high
5,medium,71,low,6,medium
5,hard,27,high,20,high
5,medium,27,medium,20,medium
5,hard,47,low,30,medium
3,hard,57,high,23,high
3,easy,60,high,27,high
4,medium,39,medium,1,very_high
2,easy,67,low,10,medium
3,medium,93,high,23,medium
5,easy,29,low,14,medium
5,hard,61,high,14,high
2,hard,64,high,18,high
4,easy,28,low,15,medium
4,hard,60,low,25,medium
1,easy,41,medium,6,very_high
2,easy,70,medium,30,medium
4,medium,47,medium,23,high
3,easy,69,high,11,high
1,hard,75,low,24,medium
3,hard,84,high,24,high
4,easy,86,high,27,medium
2,hard,90,high,15,high
2,hard,81,medium,30,medium
4,easy,66,high,9,high
1,easy,58,high,7,very_high
3,easy,22,medium,4,high
5,hard,65,high,14,high
2,easy,75,high,26,medium
5,medium,57,medium,8,medium
4,hard,56,low,6,high
2,medium,49,low,8,high
1,medium,72,high,25,high
2,medium,37,high,11,very_high
4,hard,94,low,12,medium
4,medium,46,high,19,high
5,medium,45,high,27,high
1,easy,81,medium,29,medium
3,medium,21,high,30,high
5,easy,69,medium,2,high
3,medium,80,low,5,medium
5,easy,22,medium,8,high
3,easy,81,high,16,medium
4,medium,96,medium,7,medium
4,easy,81,medium,19,low
3,medium,58,high,1,very_high
4,easy,33,high,9,high
5,medium,85,low,12,low
5,easy,57,high,23,medium
2,easy,94,low,7,medium
1,hard,100,high,13,very_high
2,medium,47,high,17,very_high
1,easy,92,medium,10,high
5,easy,56,medium,17,medium
1,hard,23,medium,15,very_high
5,hard,77,high,11,high
1,medium,58,medium,20,high
2,easy,91,high,22,medium
3,easy,45,high,1,very_high
4,medium,68,high,5,high
5,hard,66,low,17,medium
4,easy,22,medium,15,medium
3,hard,32,medium,21,high
3,medium,62,low,15,medium
4,hard,61,medium,14,high
3,hard,69,low,9,high
3,easy,28,low,10,high
1,hard,39,low,24,high
1,hard,80,medium,17,high
3,hard,80,low,8,medium
1,easy,43,high,16,very_high
2,easy,61,low,22,medium
2,hard,57,high,17,high
5,medium,57,medium,24,medium
4,medium,50,high,22,high
5,medium,21,low,16,medium
3,easy,80,medium,26,medium
5,easy,100,low,13,low
5,hard,63,medium,24,medium
1,hard,65,low,22,high
4,easy,46,low,16,medium
4,hard,62,high,8,high
4,medium,34,medium,22,high
1,medium,42,medium,7,very_high
3,hard,40,low,28,high
1,medium,38,high,8,very_high
2,hard,35,low,21,high
3,easy,68,low,4,medium
2,hard,36,medium,14,very_high
5,medium,20,high,3,very_high
4,easy,80,low,2,medium
4,hard,59,medium,27,medium
5,hard,23,medium,22,high
1,easy,59,low,11,high
2,hard,71,medium,3,very_high
5,medium,37,low,24,medium
3,easy,98,high,30,medium
5,medium,86,high,10,medium
1,easy,88,high,10,high
3,hard,31,high,29,very_high
5,hard,40,low,28,medium
5,easy,54,low,14,medium
4,hard,84,high,1,very_high
4,easy,23,low,23,medium
3,hard,59,low,2,high
1,hard,22,high,25,very_high
1,hard,60,high,18,very_high
4,hard,94,medium,2,high
3,easy,44,medium,17,high
3,medium,72,high,8,high
1,medium,77,medium,6,high
2,easy,38,medium,29,high
5,medium,81,high,3,high
1,medium,42,medium,13,very_high
2,easy,53,medium,26,medium
5,hard,67,medium,19,medium
1,hard,36,low,23,high
3,easy,65,high,13,high
1,easy,62,medium,11,high
2,medium,27,medium,30,high
3,easy,41,low,18,medium
1,hard,99,medium,18,high
5,medium,70,low,28,low
3,medium,92,high,19,medium
4,hard,58,high,16,high
5,hard,60,high,9,high
3,easy,46,low,20,medium
3,hard,55,high,12,very_high
2,easy,38,medium,6,very_high
5,hard,68,low,26,medium
3,hard,65,medium,24,high
1,medium,34,high,24,very_high
4,medium,63,medium,1,high
1,medium,66,medium,14,high
5,easy,52,low,10,medium
1,medium,53,medium,18,high
2,easy,26,low,19,medium
3,easy,36,medium,5,high
4,medium,26,low,23,medium
2,hard,70,medium,7,high
3,medium,97,medium,29,medium
3,easy,82,medium,18,medium
2,hard,58,medium,3,very_high
5,easy,32,medium,7,high
3,hard,66,high,25,high
3,hard,34,medium,15,high
2,hard,32,low,21,high
2,hard,70,medium,5,high
2,hard,52,low,9,high
2,easy,58,high,19,high
5,hard,78,low,17,low
1,easy,68,low,30,medium
1,hard,34,low,22,high
4,easy,86,high,17,medium
4,hard,81,high,5,high
3,medium,50,medium,25,medium
1,medium,87,high,2,very_high
2,easy,82,medium,19,medium
5,medium,39,medium,12,high
5,hard,87,medium,11,medium
2,hard,88,high,19,high
4,medium,96,high,12,high
3,hard,64,high,13,very_high
1,medium,25,medium,8,very_high
5,medium,56,high,18,medium
5,easy,35,high,20,high
5,easy,90,low,26,low
3,hard,42,low,22,high
2,medium,45,low,26,high
1,hard,65,high,7,very_high
5,hard,33,low,11,high
3,easy,84,low,9,medium
2,medium,81,low,19,medium
3,hard,100,low,6,medium
2,medium,71,medium,6,high
2,hard,23,low,18,high
1,easy,76,high,6,high
4,hard,100,medium,8,medium
3,easy,93,medium,11,medium
1,hard,78,high,20,high
1,easy,64,medium,14,high
2,easy,79,low,21,low
1,hard,23,low,16,high
4,easy,62,high,27,medium
1,medium,30,low,10,high
1,hard,47,low,14,very_high
4,hard,34,high,10,very_high
2,medium,88,low,19,medium
3,hard,99,low,30,medium
1,medium,34,high,10,very_high
3,easy,37,low,18,medium
2,hard,71,medium,4,high
2,hard,54,medium,14,high
2,hard,42,medium,5,very_high
2,easy,64,medium,4,high
3,hard,60,medium,20,high
5,easy,25,low,4,medium
4,easy,34,medium,29,medium
1,hard,87,low,27,medium
4,medium,71,high,23,medium
4,medium,51,high,24,high
4,medium,86,medium,22,medium
2,hard,70,low,1,high
5,hard,79,medium,28,medium
4,medium,41,high,25,high
2,hard,78,medium,3,very_high
5,easy,59,high,2,high
3,hard,58,low,11,high
5,medium,87,low,1,medium
5,medium,100,medium,14,medium
4,medium,33,low,21,medium
4,easy,83,high,3,high
1,medium,37,high,14,very_high
2,hard,77,medium,8,high
2,hard,21,high,18,very_high
5,easy,33,medium,22,medium
3,easy,68,medium,15,medium
1,hard,79,medium,28,high
1,hard,34,high,25,very_high
1,medium,80,low,14,medium
5,hard,36,low,17,medium
2,easy,27,high,18,high
2,hard,35,medium,29,high
5,hard,38,high,13,very_high
2,hard,67,high,24,high
2,easy,82,medium,28,medium
4,medium,83,low,3,medium
1,easy,96,high,8,high
3,hard,40,high,6,very_high
1,hard,69,high,7,very_high
4,easy,61,medium,11,medium
5,medium,100,high,3,high
3,hard,73,medium,4,high
5,medium,36,low,10,medium
1,medium,80,high,26,high
2,medium,22,medium,13,very_high
4,medium,53,medium,10,high
4,hard,20,medium,30,high
1,medium,38,high,10,very_high
4,hard,56,low,6,high
5,medium,66,high,29,medium
3,hard,91,medium,28,medium
1,easy,70,high,29,high
1,medium,100,low,24,medium
3,medium,99,high,5,high
4,hard,64,medium,21,medium
2,hard,53,medium,16,high
1,hard,91,medium,30,high
3,hard,77,low,21,medium
5,easy,89,low,21,low
2,medium,92,low,2,high
1,easy,62,medium,21,high
4,easy,36,low,26,medium
2,easy,97,medium,12,medium
2,hard,58,high,16,high
3,easy,46,low,28,medium
2,easy,87,high,26,medium
3,easy,51,low,30,medium
2,easy,95,low,24,low
3,hard,97,medium,18,medium
1,easy,67,medium,28,high
4,easy,49,high,5,very_high
1,medium,75,low,19,medium
4,hard,74,high,14,high
5,easy,64,high,23,medium
3,easy,71,low,20,low
1,hard,50,low,23,high
5,easy,75,low,3,medium
2,hard,79,high,27,high
5,easy,75,high,23,medium
1,easy,23,medium,18,high
3,hard,76,medium,6,high
1,medium,93,low,27,medium
2,hard,33,medium,28,high
4,medium,54,low,25,medium
5,easy,73,medium,13,medium
3,easy,76,high,2,high
5,easy,56,low,14,medium
4,hard,74,high,15,medium
4,medium,20,high,25,high
5,hard,94,high,16,medium
2,hard,31,medium,1,very_high
1,hard,75,medium,14,high
3,hard,37,medium,30,high
2,hard,67,medium,20,high
4,easy,89,high,30,medium
2,medium,65,medium,15,high
3,easy,46,medium,14,high
4,hard,41,low,11,high
4,easy,50,medium,8,medium
3,hard,29,low,3,very_high
3,medium,24,high,1,very_high
3,easy,99,medium,11,medium
2,medium,24,medium,9,very_high
2,hard,99,low,24,medium
3,easy,39,medium,29,high
1,medium,52,low,29,medium
4,hard,68,low,21,medium
3,medium,84,medium,23,medium
3,easy,42,high,27,high
1,easy,33,medium,22,high
5,easy,28,medium,15,medium
1,easy,32,high,14,very_high
1,hard,80,high,29,high
4,easy,63,high,6,high
3,easy,38,high,29,high
1,hard,51,medium,2,very_high
1,easy,66,low,8,high
4,easy,85,low,23,low
4,easy,40,low,27,medium
5,medium,83,low,7,medium
1,easy,92,medium,12,high
1,hard,95,medium,6,high
5,hard,22,medium,27,high
3,easy,43,high,11,very_high
2,hard,66,high,24,high
4,medium,97,low,28,low
2,medium,49,high,22,very_high
4,easy,23,low,11,medium
5,easy,36,high,9,high
1,medium,43,high,21,very_high
4,easy,67,medium,29,medium
3,medium,81,low,20,low
5,easy,67,high,10,high
2,medium,37,high,27,very_high
2,medium,96,high,9,high
1,medium,71,medium,27,medium
1,easy,45,low,5,high
2,easy,45,medium,20,high
3,hard,58,medium,7,high
4,medium,46,high,20,high
3,hard,59,high,4,very_high
2,easy,27,high,9,very_high
3,easy,84,medium,14,medium
4,easy,58,medium,21,medium
4,medium,24,medium,25,high
1,hard,79,low,30,medium
3,medium,54,high,26,high
5,easy,81,medium,8,medium
4,hard,41,medium,11,high
2,easy,34,medium,19,high
3,easy,42,high,24,high
3,hard,96,low,29,medium
5,medium,95,high,24,medium
1,easy,55,high,2,very_high
2,easy,67,low,11,medium
1,hard,25,low,24,high
2,medium,79,low,4,medium
3,easy,75,low,29,low
3,easy,77,medium,20,medium
3,medium,72,medium,23,medium
2,medium,30,medium,6,very_high
5,medium,62,high,30,medium
4,medium,52,high,8,high
2,medium,45,high,17,very_high
3,medium,95,medium,23,medium
2,easy,93,medium,21,medium
3,easy,94,high,5,high
1,medium,43,high,25,very_high
2,easy,61,medium,23,medium
4,hard,25,high,20,high
5,medium,57,low,23,low
3,medium,84,high,25,medium
3,hard,95,high,19,high
2,hard,94,low,26,medium
3,hard,22,low,28,high
5,easy,96,low,4,low
2,easy,65,low,1,high
4,hard,36,medium,7,very_high
4,hard,58,high,25,high
3,easy,63,low,19,medium
1,hard,45,low,17,high
5,hard,54,low,7,medium
4,hard,69,medium,12,high
4,hard,99,high,26,medium
1,easy,88,medium,3,high
2,hard,49,low,14,high
4,easy,50,low,7,medium
3,hard,33,high,12,very_high
3,medium,61,low,2,high
1,easy,92,low,6,medium
3,medium,63,high,8,high
1,hard,97,low,16,medium
2,hard,53,low,8,high
1,easy,79,medium,14,high
3,easy,29,high,3,very_high
3,easy,73,high,7,high
4,easy,76,medium,1,high
1,hard,37,low,1,very_high
1,hard,79,low,9,high
3,easy,24,high,4,very_high
3,easy,56,low,17,medium
4,hard,29,high,5,very_high
3,easy,94,medium,23,medium
5,hard,49,high,24,high
3,easy,86,high,18,medium
5,easy,23,low,3,high
3,hard,40,medium,17,high
2,hard,34,medium,14,very_high
1,medium,72,medium,2,very_high
5,hard,70,low,20,low
5,medium,71,high,20,medium
1,hard,33,low,11,very_high
4,hard,92,medium,24,medium
1,hard,56,medium,14,very_high
5,hard,52,medium,16,medium
3,medium,27,medium,4,very_high
3,medium,52,medium,15,medium
2,hard,59,low,15,medium
4,easy,99,low,8,low
5,medium,53,high,4,high
3,medium,43,high,26,high
3,medium,27,low,11,high
1,medium,25,medium,25,high
5,hard,69,low,23,medium
2,hard,56,high,8,very_high
5,easy,67,low,12,medium
4,easy,54,low,25,low
1,medium,41,medium,24,high
2,hard,29,medium,26,high
1,hard,63,high,17,very_high
3,hard,24,high,25,very_high
1,hard,38,low,21,high
4,hard,34,medium,16,high
2,medium,100,medium,3,high
3,medium,37,medium,1,very_high
2,medium,44,high,7,very_high
1,medium,37,medium,1,very_high
3,medium,71,high,30,medium
3,medium,36,high,28,high
1,medium,75,low,8,medium
3,medium,54,low,14,medium
4,medium,87,medium,10,medium
2,hard,97,medium,15,medium
4,medium,97,medium,18,medium
5,medium,54,high,11,high
1,easy,75,high,22,high
3,hard,59,low,22,medium
2,medium,31,high,12,very_high
4,medium,100,high,18,medium
3,easy,68,low,6,medium
4,medium,23,high,18,high
2,medium,49,medium,10,very_high
2,medium,57,low,16,medium
4,hard,91,low,29,low
4,hard,49,high,30,high
3,medium,45,high,7,very_high
3,hard,88,medium,4,high
2,medium,41,low,3,very_high
3,medium,32,high,24,high
2,easy,41,high,19,high
5,easy,64,medium,18,medium
1,easy,65,medium,7,high
3,medium,29,low,2,very_high
5,easy,42,medium,11,high
4,easy,82,medium,7,medium
2,easy,56,low,12,medium
2,easy,29,low,28,medium
3,easy,43,medium,12,high
5,easy,51,medium,17,medium
1,medium,60,medium,5,very_high
5,hard,68,medium,25,medium
1,easy,42,medium,25,high
3,medium,78,medium,30,medium
2,hard,99,high,28,high
4,hard,42,low,1,very_high
4,medium,46,high,22,high
3,hard,31,low,19,high
5,medium,40,high,27,high
2,medium,22,low,17,high
4,hard,35,high,19,high
5,medium,57,medium,8,medium
2,medium,71,high,1,very_high
5,medium,72,high,18,medium
4,hard,32,low,21,medium
3,medium,59,medium,6,high
3,easy,61,high,6,high
3,medium,45,medium,28,high
1,easy,47,low,30,high
5,easy,99,low,18,low
5,hard,26,high,23,high
3,medium,61,low,28,medium
5,easy,77,low,29,low
3,medium,74,low,13,medium
1,hard,95,medium,15,high
2,medium,40,medium,13,very_high
1,medium,70,medium,5,high
3,medium,42,medium,21,high
2,easy,93,medium,29,medium
5,easy,84,high,16,medium
1,easy,39,high,19,very_high
1,hard,50,low,13,high
5,hard,43,low,10,high
1,medium,93,high,3,very_high
1,medium,93,low,2,high
1,medium,93,low,3,high
5,easy,54,high,26,medium
1,hard,93,medium,21,high
2,easy,96,low,6,medium
2,easy,26,low,13,high
2,hard,75,medium,5,high
2,hard,21,low,25,high
3,hard,52,medium,23,high
3,hard,67,high,1,very_high
3,easy,62,high,30,high
5,medium,92,low,9,low
5,medium,47,high,10,high
1,easy,97,low,19,medium
2,easy,86,medium,3,high
3,medium,58,high,10,high
3,medium,31,low,29,medium
5,medium,26,low,29,medium
3,easy,52,low,29,medium
2,easy,71,medium,27,medium
3,easy,21,medium,26,high
3,easy,79,medium,26,medium
3,hard,31,medium,7,very_high
2,medium,89,medium,8,high
3,hard,34,low,12,high
5,easy,91,medium,19,low
5,easy,52,medium,16,medium
1,hard,24,low,6,very_high
2,hard,46,high,5,very_high
4,hard,54,low,5,high
1,medium,56,medium,12,high
2,easy,92,medium,9,medium
1,easy,49,medium,11,very_high
1,hard,67,medium,13,very_high
4,medium,60,high,29,high
3,medium,30,high,30,high
4,hard,73,medium,28,medium
3,hard,62,high,7,very_high
2,easy,52,high,11,high
4,medium,89,high,20,medium
3,easy,65,low,2,high
1,medium,100,low,1,high
4,medium,63,low,19,medium
2,easy,63,medium,12,high
2,hard,47,high,1,very_high
5,hard,82,low,5,medium
5,hard,31,high,3,very_high
5,easy,23,low,9,medium
1,hard,96,medium,12,high
4,easy,53,low,17,low
1,easy,94,low,9,medium
4,hard,56,low,1,high
4,medium,59,high,8,high
4,easy,21,medium,30,medium
2,medium,64,medium,1,very_high
1,medium,34,high,30,very_high
4,easy,35,high,9,high
1,medium,67,low,6,high
3,easy,47,high,10,very_high
3,medium,42,low,24,medium
5,medium,60,low,6,medium
3,hard,36,high,27,very_high
3,hard,26,high,9,very_high
5,hard,34,medium,1,very_high
4,medium,32,high,10,very_high
2,medium,92,medium,8,high
4,hard,28,low,13,high
1,easy,42,low,23,high
4,hard,73,high,8,high
5,hard,25,high,1,very_high
5,medium,30,high,8,high
5,hard,66,low,11,medium
3,easy,20,high,28,high
4,easy,96,high,30,medium
4,easy,78,medium,7,medium
4,medium,38,high,26,high
1,hard,77,high,4,very_high
1,easy,81,high,30,high
1,medium,21,low,24,high
4,easy,59,high,28,medium
3,medium,62,low,23,medium
5,easy,40,medium,27,medium
1,medium,65,medium,4,very_high
4,medium,40,low,20,medium
5,hard,87,high,1,high
1,hard,26,medium,13,very_high
2,hard,93,low,24,medium
2,easy,80,medium,23,medium
3,easy,49,medium,18,high
4,medium,89,medium,29,medium
3,medium,56,high,11,high
1,hard,85,medium,22,high
5,medium,82,low,7,medium
5,hard,98,low,29,low
5,medium,94,medium,16,low
1,medium,59,high,5,very_high
3,hard,34,high,7,very_high
2,medium,84,high,21,high
3,hard,85,high,24,high
5,hard,85,low,30,low
4,medium,42,high,11,very_high
2,hard,54,high,22,high
2,medium,74,high,6,high
2,easy,62,high,6,very_high
3,hard,82,medium,18,medium
3,hard,64,low,8,high
4,easy,35,medium,4,high
4,easy,22,medium,13,high
4,easy,53,medium,30,medium
2,medium,34,high,1,very_high
1,hard,61,medium,3,very_high
5,medium,25,low,22,medium
5,medium,59,low,28,low
4,easy,22,low,4,high
4,hard,61,low,30,medium
4,hard,63,high,7,very_high
5,medium,93,low,8,low
4,hard,71,high,30,medium
4,medium,48,low,29,medium
1,hard,77,medium,1,very_high
4,medium,59,medium,5,high
3,hard,85,low,20,medium
3,easy,29,medium,12,high
5,medium,43,high,22,high
4,easy,35,high,4,very_high
2,hard,70,medium,14,high
4,easy,34,high,26,high
2,hard,30,low,2,very_high
2,easy,91,medium,12,medium
5,easy,34,medium,7,high
1,hard,94,low,16,medium
1,easy,54,medium,7,high
3,easy,78,low,6,medium
2,medium,51,medium,4,high
5,hard,59,medium,5,high
5,hard,79,medium,8,medium
3,easy,53,medium,10,high
1,hard,44,low,17,high
5,hard,22,high,25,high
1,medium,35,high,11,very_high
1,medium,56,medium,14,high
1,easy,56,low,25,medium
4,hard,26,high,27,high
2,hard,82,low,21,medium
5,hard,64,high,11,high
5,easy,79,medium,13,medium
3,easy,73,high,1,high
4,medium,99,high,24,medium
3,hard,26,medium,7,very_high
5,medium,40,high,9,high
2,hard,95,high,4,very_high
1,medium,43,high,11,very_high
3,hard,59,medium,2,very_high
4,hard,52,low,18,medium
1,hard,53,low,15,high
5,easy,98,medium,8,medium
4,medium,50,low,4,medium
2,hard,67,low,18,medium
1,easy,63,low,24,medium
3,hard,31,medium,12,very_high
1,medium,75,low,17,medium
5,medium,55,low,23,low
5,easy,53,medium,25,medium
1,hard,84,medium,22,high
5,hard,91,medium,25,medium
2,easy,81,low,28,low
1,hard,96,low,7,high
5,hard,39,low,4,high
2,medium,41,low,12,high
3,medium,99,medium,1,high
5,hard,72,medium,27,medium
3,easy,100,low,19,low
1,hard,94,low,1,high
5,hard,78,medium,5,medium
2,easy,57,low,26,medium
4,medium,63,high,9,high
3,medium,38,low,20,medium
4,medium,32,low,18,medium
5,hard,81,medium,16,medium
1,easy,88,low,17,medium
3,medium,21,medium,21,high
1,easy,30,high,29,very_high
3,hard,52,medium,23,high
2,medium,99,medium,11,high
4,medium,94,medium,27,medium
5,hard,46,low,22,medium
1,medium,31,medium,16,high
1,medium,25,high,25,very_high
2,easy,40,high,17,high
1,medium,26,high,28,very_high
5,medium,82,low,30,low
1,easy,69,low,4,high
2,easy,41,low,23,medium
4,medium,71,low,14,medium
3,hard,45,high,29,very_high
4,medium,83,medium,11,medium
5,medium,71,medium,17,low
5,hard,80,high,21,medium
5,hard,76,high,29,medium
5,medium,70,high,22,medium
2,medium,89,medium,16,medium
5,hard,67,high,22,high
1,easy,50,low,13,high
4,hard,88,low,11,medium
2,hard,62,high,17,high
2,hard,38,high,13,very_high
4,medium,27,low,9,high
5,hard,20,low,6,high
1,hard,57,high,8,very_high
5,medium,44,high,22,high
5,easy,64,medium,11,medium
4,easy,96,medium,2,high
2,medium,49,medium,30,high
4,medium,31,low,24,medium
4,easy,39,medium,29,medium
1,easy,66,medium,26,high
3,hard,58,high,4,very_high
2,easy,95,medium,15,medium
1,easy,75,medium,28,medium
5,hard,49,low,3,high
5,medium,73,high,12,medium
2,hard,66,low,23,medium
2,easy,74,high,17,medium
4,medium,81,high,24,medium
3,medium,83,low,19,low
4,medium,42,high,23,high
3,medium,25,high,21,high
2,hard,48,medium,30,high
2,easy,64,medium,8,high
4,easy,23,medium,2,very_high
2,hard,43,low,15,high
5,easy,93,low,28,low
1,hard,66,low,25,high
2,medium,51,medium,19,high
5,easy,45,medium,2,high
1,hard,37,high,12,very_high
2,hard,70,medium,23,medium
5,easy,57,medium,11,medium
5,easy,30,low,13,medium
5,easy,27,high,23,high
2,medium,88,high,26,high
2,easy,31,high,8,very_high
2,hard,77,high,23,high
5,easy,37,high,12,high
5,medium,82,low,27,low
5,easy,59,high,5,high
1,hard,30,medium,1,very_high
3,easy,96,medium,25,medium
1,hard,82,high,30,high
2,easy,30,high,14,very_high
3,medium,24,low,7,high
3,easy,80,high,16,medium
1,medium,59,low,26,medium
4,hard,42,high,7,very_high
4,easy,95,low,10,low
3,easy,44,high,26,high
2,easy,34,low,20,medium
5,medium,25,medium,11,high
1,hard,41,high,8,very_high
3,easy,79,medium,17,medium
4,hard,61,medium,20,medium
5,easy,95,low,15,low
1,medium,26,high,29,very_high
5,hard,85,high,19,medium
5,easy,83,low,13,low
1,medium,24,high,21,very_high
5,easy,47,high,4,high
5,medium,69,high,17,medium
4,hard,49,high,9,very_high
5,easy,56,low,17,low
4,easy,67,medium,21,medium
3,medium,80,medium,13,medium
1,medium,30,high,27,very_high
5,easy,63,high,2,high
1,easy,74,high,8,high
4,easy,44,low,3,high
4,hard,35,low,1,very_high
1,medium,70,low,4,high
5,hard,28,low,20,medium
2,medium,40,medium,29,high
2,medium,21,medium,20,high
1,medium,94,high,21,high
1,medium,45,low,23,high
4,hard,42,high,13,very_high
5,medium,80,high,30,medium
2,hard,34,high,8,very_high
1,easy,59,medium,24,high
3,medium,100,medium,30,medium
1,easy,33,medium,5,very_high
5,medium,94,medium,27,low
1,hard,89,medium,3,very_high
5,easy,90,low,27,low
2,easy,36,high,6,very_high
4,medium,41,low,18,medium
2,medium,74,low,11,medium
2,medium,54,high,29,high
3,hard,39,low,22,high
4,medium,73,high,29,medium
4,hard,83,low,5,medium
4,medium,52,medium,27,medium
5,easy,24,medium,22,medium
3,easy,38,high,27,high
5,hard,96,medium,28,medium
5,medium,74,high,4,high
1,medium,49,high,7,very_high
3,hard,35,high,8,very_high
4,hard,40,low,10,high
3,easy,96,medium,1,high
4,hard,26,medium,11,high
3,medium,98,low,21,low
4,easy,56,high,8,high
2,medium,35,medium,7,very_high
3,medium,100,high,5,high
5,easy,96,low,22,low
3,hard,56,medium,20,high
5,medium,20,high,23,high
2,hard,83,medium,14,high
3,hard,59,low,2,high
4,easy,28,high,12,high
5,hard,87,high,17,medium
3,medium,48,high,30,high
1,hard,70,low,15,medium
1,hard,24,medium,27,very_high
4,easy,35,low,6,high
5,medium,79,medium,8,medium
5,hard,85,high,27,medium
2,hard,93,high,24,high
4,medium,95,low,11,medium
4,hard,86,low,14,medium
1,hard,96,medium,16,high
1,medium,27,medium,29,high
1,hard,21,high,11,very_high
3,hard,20,high,27,very_high
4,hard,85,high,24,medium
4,easy,98,low,23,low
5,hard,80,low,12,medium
4,medium,90,low,19,low
1,medium,20,high,6,very_high
2,medium,26,medium,3,very_high
4,medium,84,high,7,high
1,medium,73,medium,11,high
1,hard,35,low,7,very_high
1,hard,27,high,11,very_high
3,easy,89,medium,5,medium
2,easy,84,medium,20,medium
3,medium,26,high,28,high
2,medium,42,low,16,high
3,medium,26,medium,10,high
3,hard,76,medium,7,high
1,easy,36,low,18,high
1,medium,84,high,24,high
1,easy,95,low,28,medium
1,easy,52,low,8,high
2,hard,51,medium,28,high
5,easy,92,high,16,medium
2,hard,63,medium,28,high
5,easy,87,medium,5,medium
2,medium,53,low,24,medium
2,easy,88,high,30,medium
5,medium,24,medium,22,medium
1,hard,87,high,29,high
3,hard,76,medium,13,high
1,medium,84,high,2,very_high
3,easy,20,low,6,high
3,medium,64,medium,25,medium
4,medium,93,high,12,high
2,medium,24,high,7,very_high
1,medium,87,high,26,high
1,easy,95,low,9,medium
4,easy,34,medium,12,high
4,medium,79,low,18,low
3,easy,92,high,2,high
2,easy,67,high,13,high
